id,code,link
0,0,0
1,11032022ma1011h,1FAIpQLSe9hPSOilqaqaBmxy7SRO2grB03918lcoEm7OeUipJ0nM6VMw
2,11032022ma1011H,1FAIpQLSe9hPSOilqaqaBmxy7SRO2grB03918lcoEm7OeUipJ0nM6VMw
3,11032022ma1011H,1FAIpQLSe9hPSOilqaqaBmxy7SRO2grB03918lcoEm7OeUipJ0nM6VMw
4,11032022ma1011H,1FAIpQLSe9hPSOilqaqaBmxy7SRO2grB03918lcoEm7OeUipJ0nM6VMw
5,11032022ma1011H,1FAIpQLSe9hPSOilqaqaBmxy7SRO2grB03918lcoEm7OeUipJ0nM6VMw
6,11032022ma1011H,1FAIpQLSe9hPSOilqaqaBmxy7SRO2grB03918lcoEm7OeUipJ0nM6VMw
7,11032022ma1011H,1FAIpQLSe9hPSOilqaqaBmxy7SRO2grB03918lcoEm7OeUipJ0nM6VMw
8,11032022ma1011H,1FAIpQLSe9hPSOilqaqaBmxy7SRO2grB03918lcoEm7OeUipJ0nM6VMw
